regime,seed,method,lambda_switch,cumulative_switches,cumulative_interference,final_cost
sudden,11,Cold,0.0,3.2,0.09711018025563693,0.09711018025563693
sudden,11,Combined,0.0,0.2,0.09711018025563693,0.09711018025563693
sudden,11,Cold,0.15,0.4,0.18478212453228557,0.2447821245322856
sudden,11,Combined,0.15,0.2,0.09711018025563693,0.12711018025563692
sudden,11,Cold,0.3,0.2,0.09711018025563693,0.15711018025563694
sudden,11,Combined,0.3,0.2,0.09711018025563693,0.15711018025563694
sudden,11,Cold,0.6,0.2,0.09711018025563693,0.21711018025563694
sudden,11,Combined,0.6,0.0,0.18478212453228557,0.18478212453228557
